User ID,Movie ID,Rating
CinemaSerf,1034541,7.0
r96sk,1034541,7.0
r96sk,912649,7.0
Mangoturtle,912649,2.0
CinemaSerf,912649,6.0
Brent Marchant,1184918,7.0
CinemaSerf,1184918,7.0
Manuel S√£o Bento,1184918,9.0
BiankaMalburg,1184918,9.0
Manuel S√£o Bento,933260,8.0
griggs79,933260,10.0
Brent Marchant,933260,4.0
CinemaSerf,933260,7.0
r96sk,933260,9.0
CinemaSerf,698687,7.0
CinemaSerf,889737,6.0
YearOneFun,889737,1.0
Manuel S√£o Bento,889737,4.0
Brent Marchant,889737,5.0
biancarockr,889737,5.0
r96sk,889737,9.0
aGoryLouie,889737,6.0
r96sk,945961,8.0
CinemaSerf,945961,7.0
MovieGuys,945961,6.0
Manuel S√£o Bento,945961,7.0
Mister BLAQK,945961,7.0
Dean,945961,10.0
Hotplix,1022789,8.0
CinemaSerf,1022789,6.0
Chris Sawin,1022789,5.0
heyitsmestoney,1022789,7.0
TheSceneSnobs,1022789,8.0
Gimly,335983,6.0
javajohnny,335983,7.0
Per Gunnar Jonsson,335983,7.0
Nelson,335983,9.0
Manuel S√£o Bento,335983,4.0
r96sk,335983,8.0
r96sk,335983,8.0
Martha,335983,8.0
GenerationofSwine,335983,10.0
shammahrashad,533535,6.0
r96sk,533535,9.0
Chris Sawin,533535,8.0
Brent Marchant,533535,6.0
Sean,533535,10.0
CinemaSerf,533535,7.0
TheSceneSnobs,533535,8.0
GenerationofSwine,533535,10.0
JPV852,533535,7.0
Pringo,533535,10.0
DonGable,533535,4.0
aGoryLouie,533535,8.0
davidrobitaille,533535,10.0
tmdb51616167,533535,9.0
albuainain,533535,7.0
CinemaSerf,1084736,7.0
Cal,580489,7.0
RADIO1'S MR. MOVIE!-MAD AMI üå†,580489,7.0
Henry,580489,9.0
Chris Sawin,580489,6.0
JPV852,580489,7.0
DallasBob,580489,5.0
r96sk,580489,7.0
CinemaSerf,580489,6.0
Martha,580489,6.0
Gimly,354912,5.0
furious_iz,354912,9.0
priya_,354912,10.0
r96sk,354912,10.0
CinemaSerf,354912,7.0
MovieGuys,1051896,7.0
CinemaSerf,1051896,7.0
TheSceneSnobs,1051896,5.0
Chandler Danier,1051896,10.0
Manuel S√£o Bento,1029235,7.0
Dean,1029235,3.0
Hotplix,519182,8.0
TheSceneSnobs,519182,6.0
CinemaSerf,519182,6.0
Louisa Moore - Screen Zealots,519182,3.0
Louisa Moore - Screen Zealots,519182,3.0
UWotMatez,519182,3.0
Josh,519182,2.0
Carlos G Diaz,420634,8.0
Nathan,420634,3.0
CinemaSerf,420634,6.0
griggs79,420634,6.0
r96sk,420634,6.0
Manuel S√£o Bento,917496,6.0
tmdb51616167,917496,8.0
Brent Marchant,917496,6.0
GenerationofSwine,917496,10.0
CinemaSerf,917496,6.0
r96sk,917496,7.0
griggs79,917496,6.0
Nathan,663712,6.0
CinemaSerf,663712,5.0
r96sk,663712,7.0
Manuel S√£o Bento,1079091,6.0
CinemaSerf,1079091,6.0
r96sk,1079091,8.0
CinemaSerf,1159311,7.0
Brent Marchant,616446,7.0
Gimly,231001,4.0
CinemaSerf,957452,6.0
r96sk,957452,5.0
MovieGuys,957452,2.0
CinemaSerf,573435,7.0
r96sk,573435,7.0
TheSceneSnobs,573435,7.0
GenerationofSwine,573435,1.0
MovieGuys,573435,6.0
Louisa Moore - Screen Zealots,573435,9.0
Chandler Danier,573435,9.0
Per Gunnar Jonsson,573435,6.0
Manuel S√£o Bento,1100782,8.0
Louisa Moore - Screen Zealots,1025596,6.0
MovieGuys,726139,6.0
CinemaSerf,1010581,5.0
CinemaSerf,1087822,5.0
MovieGuys,1087822,4.0
TheSceneSnobs,1079485,6.0
tmdb51616167,1029281,8.0
CinemaSerf,1029281,7.0
r96sk,1029281,8.0
r96sk,592695,7.0
Andres Gomez,9479,6.0
CinemaSerf,9479,7.0
Manuel S√£o Bento,639720,8.0
CinemaSerf,639720,7.0
Hotplix,639720,7.0
Cinema_Snobb,639720,5.0
TheSceneSnobs,639720,2.0
oswaldovzki,639720,7.0
Chris Sawin,1011985,6.0
CinemaSerf,1011985,6.0
dumasori,1011985,2.0
Chandler Danier,1011985,8.0
Sejian,1011985,6.0
Louisa Moore - Screen Zealots,1032823,2.0
r96sk,1032823,6.0
CinemaSerf,1032823,6.0
TheSceneSnobs,1032823,7.0
WideEyes,1032823,1.0
tmdb51616167,1032823,7.0
MovieGuys,1032823,4.0
Sejian,1032823,6.0
albuainain,1032823,6.0
ragmondo,1032823,3.0
CinemaSerf,1022796,6.0
Manuel S√£o Bento,1022796,7.0
r96sk,1022796,7.0
CinemaSerf,748783,6.0
dorran,748783,3.0
Manuel S√£o Bento,748783,7.0
Hotplix,748783,7.0
TheSceneSnobs,748783,7.0
CinemaSerf,826510,6.0
r96sk,1114513,9.0
CinemaSerf,1114513,6.0
Manuel S√£o Bento,1114513,7.0
griggs79,1114513,6.0
dumasori,1114513,6.0
Manuel S√£o Bento,653346,7.0
CinemaSerf,653346,7.0
r96sk,653346,6.0
Midi-chlorian_Count,653346,6.0
Hotplix,653346,8.0
MovieGuys,653346,6.0
TheSceneSnobs,653346,7.0
aGoryLouie,653346,6.0
Chandler Danier,653346,5.0
The Movie Mob,603692,9.0
CinemaSerf,603692,6.0
Manuel S√£o Bento,603692,8.0
EthicalAndroid,603692,10.0
GenerationofSwine,603692,10.0
Louisa Moore - Screen Zealots,603692,8.0
Chris Sawin,603692,8.0
Nathan,603692,9.0
MovieGuys,603692,7.0
tmdb42690476,603692,1.0
Sarthak Bharad,603692,10.0
Rob,603692,7.0
JPV852,603692,8.0
Per Gunnar Jonsson,603692,6.0
whitsbrain,603692,4.0
CinemaSerf,1059264,6.0
r96sk,1226578,7.0
CinemaSerf,1226578,7.0
Chandler Danier,1226578,7.0
Sejian,1226578,8.0
Dean,1226578,7.0
tmdb51616167,1226578,5.0
CinemaSerf,762441,6.0
Brent Marchant,762441,8.0
MovieGuys,762441,4.0
Manuel S√£o Bento,762441,8.0
Chris Sawin,762441,5.0
r96sk,762441,6.0
TheSceneSnobs,762441,7.0
tmdb51616167,762441,7.0
Sejian,1047020,5.0
r96sk,365177,7.0
valardohaeriz,365177,5.0
CinemaSerf,365177,6.0
UWotMatez,365177,1.0
TheSceneSnobs,365177,1.0
MovieGuys,365177,3.0
MovieGuys,1118031,5.0
CinemaSerf,916192,6.0
CinemaSerf,940551,6.0
tmdb51616167,940551,7.0
Sejian,507241,8.0
MovieGuys,1215162,3.0
Manuel S√£o Bento,718821,6.0
r96sk,718821,7.0
Brent Marchant,718821,6.0
CinemaSerf,718821,6.0
GenerationofSwine,718821,10.0
Louisa Moore - Screen Zealots,718821,5.0
Chandler Danier,718821,4.0
Sejian,718821,6.0
Dean,718821,7.0
Andres Gomez,198663,5.0
Per Gunnar Jonsson,198663,7.0
Trazbor O'Gukguk,198663,1.0
Gimly,198663,6.0
CinemaSerf,198663,7.0
CinemaSerf,588648,6.0
Manuel S√£o Bento,823464,7.0
CinemaSerf,823464,6.0
r96sk,823464,5.0
ultra1967,823464,7.0
MovieGuys,823464,6.0
dumasori,823464,3.0
Sejian,823464,6.0
Denishux,823464,6.0
JPV852,823464,7.0
whitsbrain,823464,4.0
TheSceneSnobs,823464,6.0
Cuzzin Coo,823464,4.0
Per Gunnar Jonsson,823464,8.0
UWotMatez,823464,1.0
talisencrw,14836,9.0
ZeBlah,14836,10.0
Kamurai,14836,9.0
Manuel S√£o Bento,877817,7.0
Horseface,877817,1.0
Wuchak,1129598,6.0
CinemaSerf,1129598,5.0
Manuel S√£o Bento,929590,8.0
r96sk,929590,9.0
CinemaSerf,929590,6.0
Brent Marchant,929590,8.0
edrddz,929590,7.0
MovieGuys,929590,6.0
dumasori,929590,7.0
Chandler Danier,929590,7.0
TheSceneSnobs,929590,7.0
PeaceMeal,929590,3.0
Manuel S√£o Bento,475557,9.0
ikomrad,475557,9.0
Sheldon Nylander,475557,7.0
Leno,475557,9.0
Wuchak,475557,8.0
JPV852,475557,9.0
Matthew Brady,475557,8.0
Per Gunnar Jonsson,475557,3.0
r96sk,475557,10.0
AstroNoud,475557,10.0
iltnoob,475557,10.0
Martha,475557,10.0
GenerationofSwine,475557,10.0
Andre Gonzales,475557,6.0
Alunauwie,475557,9.0
CinemaSerf,1160018,7.0
Chandler Danier,1160018,5.0
r96sk,832964,8.0
CinemaSerf,832964,7.0
griggs79,832964,7.0
CinemaSerf,7451,6.0
Bradley's,4247,10.0
katch22,4247,7.0
Manuel S√£o Bento,786892,7.0
CinemaSerf,786892,7.0
MovieGuys,786892,6.0
r96sk,786892,8.0
Chandler Danier,786892,8.0
TheSceneSnobs,786892,5.0
Louisa Moore - Screen Zealots,786892,5.0
JPV852,786892,6.0
Mangoturtle,786892,8.0
Per Gunnar Jonsson,786892,9.0
CinemaSerf,228326,7.0
CinemaSerf,1012201,7.0
Vivekanandan KS,1012201,5.0
NeoBrowser,120,10.0
gdeveloper,120,10.0
Wuchak,120,7.0
LadyGreenEyes,120,8.0
JPV852,120,9.0
Peter McGinn,120,8.0
r96sk,120,10.0
drystyx,120,10.0
CinemaSerf,120,8.0
GenerationofSwine,1207898,1.0
Wuchak,4011,7.0
JPV852,4011,7.0
James,4011,6.0
James,4011,6.0
kevin2019,4011,8.0
tmdb51616167,4011,8.0
r96sk,4011,7.0
r96sk,974262,7.0
Pringo,974262,8.0
The Movie Mob,1029575,6.0
Manuel S√£o Bento,634649,9.0
RADIO1'S MR. MOVIE!-MAD AMI üå†,634649,10.0
Chris Sawin,634649,8.0
T D Heath,634649,9.0
sauceopet,634649,10.0
r96sk,634649,10.0
Adriano,634649,10.0
JPV852,634649,8.0
Per Gunnar Jonsson,634649,5.0
Nathan,634649,9.0
YourAustin,634649,10.0
The Movie Mob,634649,10.0
tmdb28039023,634649,1.0
EenNederlandseJongen,634649,10.0
CinemaSerf,1207830,6.0
Sejian,1216191,5.0
Manuel S√£o Bento,385687,6.0
CinemaSerf,385687,6.0
MovieGuys,385687,2.0
r96sk,385687,9.0
r96sk,385687,9.0
TheRealMina,385687,1.0
Louisa Moore - Screen Zealots,385687,5.0
JPV852,385687,5.0
Per Gunnar Jonsson,385687,7.0
Chandler Danier,385687,5.0
Reno,102382,6.0
Per Gunnar Jonsson,102382,5.0
Andres Gomez,102382,7.0
John Chard,102382,6.0
CinemaSerf,102382,6.0
MovieGuys,1066262,6.0
TheSceneSnobs,1023922,8.0
CinemaSerf,1023922,6.0
Chandler Danier,1023922,8.0
Louisa Moore - Screen Zealots,1023922,6.0
Manuel S√£o Bento,1023922,5.0
tmdb51616167,1023922,5.0
Sejian,1094974,4.0
John Chard,671,8.0
Nathan,671,8.0
CinemaSerf,671,7.0
Brent Marchant,1064213,6.0
Sejian,646097,10.0
MovieGuys,646097,4.0
Mister BLAQK,646097,7.0
Chandler Danier,646097,7.0
r96sk,646097,9.0
tmdb51616167,1186532,10.0
BadChristian,10439,4.0
r96sk,10439,7.0
Kamurai,10439,4.0
Peter McGinn,10439,5.0
CinemaSerf,10439,7.0
GenerationofSwine,10439,10.0
Andre Gonzales,10439,6.0
MovieGuys,949484,6.0
tiailds,10198,7.0
Gimly,10198,5.0
r96sk,10198,7.0
CinemaSerf,10198,7.0
furious_iz,299536,10.0
Gimly,299536,8.0
tmdb15214618,299536,4.0
Ch Walid,299536,9.5
Movie Queen41,299536,8.0
jmquint00,299536,10.0
Wuchak,299536,6.0
Santosh,299536,10.0
uridon,299536,1.0
tmdb44006625,299536,7.0
sandrakuc,299536,10.0
CinemaSerf,569094,6.0
Manuel S√£o Bento,569094,8.0
Chris Sawin,569094,7.0
GenerationofSwine,569094,10.0
Louisa Moore - Screen Zealots,569094,9.0
ElbekAzimjonov7,569094,10.0
James,569094,6.0
Chris Sawin,667538,2.0
CinemaSerf,667538,6.0
DAVID TILAN,667538,10.0
The Movie Mob,667538,7.0
Per Gunnar Jonsson,667538,6.0
Manuel S√£o Bento,693134,10.0
r96sk,693134,9.0
CinemaSerf,693134,7.0
biancarockr,693134,9.0
Chandler Danier,693134,9.0
justhappytobehere,693134,8.0
Roberta1970,693134,8.0
dumasori,693134,7.0
MovieGuys,693134,7.0
m_u_m_u,693134,9.0
Brent Marchant,693134,2.0
TheSceneSnobs,693134,10.0
HappyPagan,693134,10.0
tmdb51616167,693134,8.0
elshaarawy,278,9.0
John Chard,278,10.0
tmdb73913433,278,6.0
thommo_nz,278,10.0
JPV852,278,10.0
drystyx,278,3.0
CinemaSerf,278,8.0
dumasori,278,9.0
Angel Rodr√≠guez,278,10.0
Leezan,278,10.0
Chris Sawin,346698,7.0
MovieGuys,346698,1.0
Manuel S√£o Bento,346698,8.0
TheRealMina,346698,1.0
CinemaSerf,346698,7.0
JP Hastings-Spital,346698,8.0
Brent Marchant,346698,5.0
rsanek,346698,4.0
DRDMovieMusings,346698,7.0
The Movie Mob,346698,7.0
Thulan Perera,346698,8.0
viha,346698,7.0
MarciaClarke,346698,6.0
r96sk,346698,7.0
tmdb51616167,346698,8.0
CinemaSerf,923667,7.0
MovieGuys,923667,7.0
Sejian,923667,6.0
Manuel S√£o Bento,863873,7.0
tmdb44006625,10191,9.0
primeos,10191,10.0
Gimly,10195,8.0
tmdb44006625,10195,7.0
Manuel S√£o Bento,840705,7.0
CinemaSerf,840705,6.0
r96sk,840705,9.0
tmdb51616167,840705,8.0
griggs79,840705,9.0
MovieGuys,1001311,5.0
Louisa Moore - Screen Zealots,1001311,5.0
r96sk,829557,3.0
Nicola_Perillo,829557,1.0
tmdb51616167,829557,1.0
futuretv,238,10.0
crastana,238,10.0
drystyx,238,1.0
CinemaSerf,238,7.0
Surya,238,9.0
Andres Gomez,102651,7.5
Per Gunnar Jonsson,102651,8.0
DoryDarko,102651,9.0
Kamurai,102651,7.0
r96sk,102651,7.0
BiGuy,102651,9.0
Andre Gonzales,102651,7.0
CinemaSerf,102651,7.0
John Chard,10192,7.0
ohlalipop,10192,7.0
The Movie Mob,882598,2.0
Nathan,882598,7.0
CinemaSerf,882598,5.0
Manuel S√£o Bento,882598,7.0
Horseface,882598,10.0
JPV852,882598,6.0
Dean,882598,10.0
r96sk,882598,7.0
TheSceneSnobs,1225377,1.0
TheSceneSnobs,1225377,1.0
CinemaSerf,1029955,6.0
Brent Marchant,1029955,7.0
TheSceneSnobs,1029955,2.0
r96sk,1029955,9.0
Louisa Moore - Screen Zealots,1029955,7.0
tmdb51616167,1029955,3.0
kevin2019,748230,5.0
r96sk,748230,7.0
MovieGuys,748230,5.0
CinemaSerf,748230,5.0
Fatota,150540,10.0
Andres Gomez,150540,8.0
Sxerks3,150540,8.0
Peter McGinn,150540,10.0
r96sk,150540,7.0
Kamurai,150540,8.0
CinemaSerf,150540,7.0
Andre Gonzales,150540,6.0
tmdb47940942,150540,5.0
Chris Sawin,502356,5.0
CinemaSerf,502356,6.0
Manuel S√£o Bento,502356,8.0
rsanek,502356,9.0
Nathan,502356,7.0
holdenc,502356,10.0
Per Gunnar Jonsson,502356,6.0
YouShouldKnow,502356,7.0
pimpskitters,502356,5.0
r96sk,502356,7.0
tmdb47940942,502356,8.0
ViolettSmith,502356,8.0
Reno,157336,9.0
decovision,157336,9.5
Andres Gomez,157336,7.0
Asadullah Khan,157336,10.0
shaunfrombklyn,157336,10.0
Per Gunnar Jonsson,157336,4.0
Matthew Brady,157336,9.0
Peter McGinn,157336,9.0
kheirnandez,157336,10.0
lowkimhoe,157336,9.0
CinemaSerf,157336,7.0
r96sk,157336,10.0
madriyanto,157336,9.0
John Chard,138843,9.0
Per Gunnar Jonsson,138843,7.0
Gimly,138843,5.0
JPV852,138843,8.0
CinemaSerf,138843,7.0
Nathan,315162,9.0
ravundwa,315162,10.0
CinemaSerf,315162,7.0
GenerationofSwine,315162,10.0
Andre Gonzales,315162,8.0
r96sk,315162,9.0
ohlalipop,10193,10.0
Gimly,10193,8.0
JPV852,10193,10.0
r96sk,10193,9.0
CinemaSerf,10193,7.0
Manuel S√£o Bento,609681,7.0
CinemaSerf,609681,6.0
Brent Marchant,609681,5.0
Limitedlatency,609681,2.0
photobythomas,609681,6.0
Chandler Danier,609681,4.0
pimpskitters,609681,3.0
BornKnight,609681,6.0
halabackgirl,609681,8.0
r96sk,609681,7.0
CinemaSerf,1104844,7.0
The Movie Mob,4232,10.0
Nathan,4232,8.0
MovieGuys,1139817,8.0
r96sk,411,9.0
MustachedMovieMan,411,10.0
CinemaSerf,411,7.0
MovieGuys,799583,1.0
TheSceneSnobs,799583,6.0
Manuel S√£o Bento,843527,4.0
TheSceneSnobs,843527,7.0
NeoBrowser,122,10.0
Wuchak,122,5.0
JPV852,122,10.0
r96sk,122,10.0
drystyx,122,10.0
CinemaSerf,122,8.0
SWITCH.,474350,8.0
Manuel S√£o Bento,474350,5.0
Rodney Wollam,474350,9.0
Gimly,474350,7.0
JPV852,474350,7.0
Matthew Brady,474350,7.0
r96sk,474350,8.0
CinemaSerf,474350,5.0
GenerationofSwine,474350,1.0
Andre Gonzales,474350,10.0
Nathan,672,8.0
CinemaSerf,672,7.0
CinemaSerf,937278,7.0
Nathan,937278,7.0
Peter McGinn,937278,7.0
ARGMAN,937278,5.0
tmdb51616167,937278,8.0
CinemaSerf,787699,7.0
r96sk,787699,8.0
Manuel S√£o Bento,787699,7.0
BornKnight,787699,8.0
BornKnight,787699,8.0
rmorell1,787699,10.0
tmdb51616167,787699,10.0
Andres Gomez,122917,5.0
Per Gunnar Jonsson,122917,9.0
Gimly,122917,5.0
r96sk,122917,7.0
RADIO1'S MR. MOVIE!-MAD AMI üå†,438631,10.0
Habenula,438631,1.0
Tsavo,438631,6.0
Manuel S√£o Bento,438631,8.0
Mex5150,438631,4.0
Peter McGinn,438631,6.0
badelf,438631,2.0
JPV852,438631,8.0
Per Gunnar Jonsson,438631,10.0
AstroNoud,438631,8.0
Nathan,438631,9.0
The Movie Mob,438631,8.0
tmdb51616167,438631,8.0
Nathan,673,9.0
CinemaSerf,673,8.0
The Movie Mob,414906,8.0
Manuel S√£o Bento,414906,9.0
Chris Sawin,414906,5.0
edwecks,414906,10.0
jwilliams0511971,414906,10.0
r96sk,414906,9.0
Tatsky,414906,8.0
aquiluus,414906,10.0
Aqueronte72,414906,6.0
CinemaSerf,414906,6.0
JPV852,414906,8.0
Horseface,414906,7.0
Peter McGinn,414906,8.0
mahmus,414906,10.0
Nathan,414906,10.0
Per Gunnar Jonsson,414906,4.0
tmdb28039023,414906,5.0
Dean,414906,3.0
The Movie Mob,76600,6.0
Manuel S√£o Bento,76600,7.0
tmdb45226627,76600,8.0
TimeZone,76600,10.0
Chris Sawin,76600,4.0
Chris Sawin,76600,4.0
Chris Sawin,76600,4.0
strayndger,76600,8.0
CinemaSerf,76600,7.0
Appfel,76600,10.0
Crazypiglady,76600,6.0
MovieGuys,76600,4.0
JonathanWiddup,76600,9.0
Per Gunnar Jonsson,76600,7.0
pimpskitters,76600,4.0
@that_movie_geek,76600,5.0
CinemaSerf,675353,7.0
Manuel S√£o Bento,675353,7.0
Chris Sawin,675353,8.0
beyondthecineramadome,675353,3.0
Per Gunnar Jonsson,675353,8.0
The Movie Mob,675353,7.0
tmdb47940942,675353,8.0
The Movie Mob,934433,8.0
Manuel S√£o Bento,934433,6.0
CinemaSerf,934433,7.0
Nathan,934433,7.0
JPV852,934433,7.0
Adson68,934433,1.0
r96sk,934433,6.0
Lord-of-TV,5492,3.0
Eky,98,10.0
John Chard,98,10.0
Kowalczyk,98,8.0
CinemaSerf,98,8.0
Prodank,98,10.0
Andres Gomez,216015,3.0
GenerationofSwine,216015,10.0
CinemaSerf,216015,5.0
Brent Marchant,938614,7.0
CinemaSerf,938614,6.0
dumasori,938614,8.0
MovieGuys,938614,8.0
Chris Sawin,1008042,8.0
CinemaSerf,1008042,6.0
Manuel S√£o Bento,1008042,8.0
hamfaceman,1008042,8.0
justhappytobehere,1008042,7.0
MovieGuys,1190868,7.0
Andre Gonzales,58,8.0
CinemaSerf,58,7.0
Cwf97,808,10.0
GenerationofSwine,808,10.0
Ìï∏ÌÇ§,808,9.0
CinemaSerf,808,7.0
Peter89Spencer,436969,8.0
JPV852,436969,7.0
RADIO1'S MR. MOVIE!-MAD AMI üå†,436969,9.0
echeng,436969,8.0
Giovanni,436969,9.0
Manuel S√£o Bento,436969,8.0
Chris Sawin,436969,8.0
tmdb79614358,436969,9.0
Per Gunnar Jonsson,436969,8.0
Nathan,436969,9.0
Dean,436969,6.0
tmdb28039023,436969,1.0
badelf,436969,5.0
badelf,436969,5.0
The Movie Mob,436969,9.0
Manuel S√£o Bento,646385,8.0
Chris Sawin,646385,4.0
edwecks,646385,7.0
JPV852,646385,6.0
Nathan,646385,7.0
Martha,646385,7.0
The Movie Mob,646385,9.0
tmdb28039023,646385,6.0
Gimly,299534,9.0
Manuel S√£o Bento,299534,10.0
heroman,299534,10.0
Per Gunnar Jonsson,299534,9.0
swapnake,299534,10.0
Wuchak,299534,6.0
gwengww,299534,4.0
John Chard,22,9.0
Andre Gonzales,22,10.0
CinemaSerf,22,7.0
CJ,1236419,9.0
CinemaSerf,507086,6.0
Manuel S√£o Bento,507086,3.0
Chris Sawin,507086,4.0
r96sk,507086,7.0
Peter McGinn,507086,6.0
The Movie Mob,507086,7.0
JPV852,507086,2.0
Per Gunnar Jonsson,507086,4.0
Wuchak,507086,6.0
Axel,507086,5.0
Ahmetaslan27,507086,4.0
bonniemoseley@me.com,1026436,10.0
r96sk,1026436,7.0
John Chard,10225,6.0
Gimly,10225,5.0
Wuchak,10225,7.0
JPV852,10225,6.0
Manuel S√£o Bento,976573,8.0
CinemaSerf,976573,6.0
Thulan Perera,976573,9.0
Per Gunnar Jonsson,976573,8.0
r96sk,976573,7.0
MovieGuys,704239,4.0
Chandler Danier,704239,4.0
Manuel S√£o Bento,704239,3.0
Manuel S√£o Bento,872585,8.0
fireheart92,872585,10.0
Brent Marchant,872585,9.0
CinemaSerf,872585,7.0
rsanek,872585,8.0
Louisa Moore - Screen Zealots,872585,8.0
Thulan Perera,872585,9.0
Sarthak Bharad,872585,10.0
Peter McGinn,872585,7.0
TheRealMina,872585,2.0
misubisu,872585,1.0
Per Gunnar Jonsson,872585,5.0
badelf,872585,8.0
Amiiae011,872585,10.0
r96sk,872585,9.0
Bishoy017,872585,5.0
talisencrw,155,10.0
tmdb22590444,155,10.0
tmdb79614358,155,10.0
EDSR,155,3.0
AstroNoud,155,10.0
CinemaSerf,155,7.0
The Movie Mob,155,10.0
drystyx,155,1.0
Andre Gonzales,155,7.0
James,155,8.0
JohnTheCoderwiko,359410,4.0
Manuel S√£o Bento,359410,6.0
TheSceneSnobs,359410,8.0
Louisa Moore - Screen Zealots,359410,7.0
Andre Gonzales,118,7.0
CinemaSerf,118,6.0
Dean,807339,10.0
CinemaSerf,807339,6.0
Ian Beale,103,10.0
David,103,10.0
CinemaSerf,103,7.0
Wuchak,103,8.0
CinemaSerf,1062215,5.0
tmdb51616167,1062215,7.0
John Chard,674,7.0
Nathan,674,9.0
CinemaSerf,674,7.0
MovieGuys,280180,5.0
TheSceneSnobs,280180,8.0
GenerationofSwine,280180,1.0
Chandler Danier,280180,8.0
Louisa Moore - Screen Zealots,280180,5.0
tmdb51616167,280180,6.0
John Chard,597,9.0
CinemaSerf,597,7.0
Nathan,597,10.0
Prodank,597,7.0
r96sk,177572,7.0
CinemaSerf,177572,7.0
John Chard,102899,7.5
Reno,102899,8.0
mattwilde123,102899,6.0
Per Gunnar Jonsson,102899,8.0
Gimly,102899,6.0
Wuchak,102899,8.0
tmdb44006625,102899,7.0
r96sk,102899,8.0
Andre Gonzales,102899,7.0
Andre Gonzales,102899,7.0
Andre Gonzales,102899,7.0
Leno,940721,8.0
Manuel S√£o Bento,940721,8.0
Chris Sawin,940721,10.0
CinemaSerf,940721,7.0
Sweet0Girl,940721,10.0
whitsbrain,940721,8.0
MovieGuys,940721,9.0
Sejian,940721,7.0
Brent Marchant,940721,4.0
oswaldovzki,940721,7.0
MovieGuys,601796,6.0
r96sk,585,9.0
CinemaSerf,585,7.0
tmdb87069603,24428,8.0
Gimly,24428,9.0
tmdb44006625,24428,8.0
E.J. Cummings,24428,8.5
John Chard,24428,9.0
r96sk,568124,8.0
Giovanni,568124,8.0
Manuel S√£o Bento,8587,10.0
CinemaSerf,8587,7.0
Nay Myo Myat Ko,346364,1.0
Gimly,346364,7.0
Rythwik,346364,8.0
accioconnor,346364,8.0
tmdb21730811,346364,8.0
Andre Gonzales,346364,10.0
CinemaSerf,346364,7.0
OrlyForly,1096197,1.0
Chandler Danier,1096197,3.0
CinemaSerf,1026227,7.0
CinemaSerf,1041613,6.0
r96sk,1041613,7.0
Dean,1041613,5.0
huy.duc.eastagile,293660,9.5
Wong,293660,7.0
Reno,293660,6.5
talisencrw,293660,9.0
mattwilde123,293660,7.0
jamitchell1509,293660,8.0
Gimly,293660,6.0
Dicky Pratama,293660,10.0
Andre Gonzales,293660,10.0
tmdb16591261,293660,7.0
CinemaSerf,293660,8.0
CinemaSerf,646683,5.0
MovieGuys,646683,5.0
TheSceneSnobs,646683,2.0
Andres Gomez,49051,6.5
GeekMasher,49051,9.0
r96sk,49051,9.0
Peter McGinn,49051,7.0
CinemaSerf,49051,6.0
Reno,273477,7.0
mattwilde123,273477,5.0
Gimly,273477,3.0
r96sk,11688,7.0
CinemaSerf,719221,5.0
Sejian,719221,4.0
MovieGuys,719221,5.0
Hotplix,719221,7.0
TheSceneSnobs,719221,1.0
JPV852,719221,4.0
tmdb51616167,10229,9.0
Reno,259693,8.0
Gimly,259693,6.0
Sheldon Nylander,259693,6.0
JPV852,259693,8.0
GenerationofSwine,259693,1.0
NeoBrowser,121,10.0
Wuchak,121,6.0
JPV852,121,9.0
r96sk,121,9.0
drystyx,121,10.0
CinemaSerf,121,8.0
MovieGuys,1017163,6.0
SWITCH.,496243,10.0
Sheldon Nylander,496243,10.0
Saru,496243,4.0
tmdb39513728,496243,10.0
Matthew Brady,496243,9.0
Manuel S√£o Bento,496243,10.0
JPV852,496243,7.0
Stephen Campbell,496243,9.0
Gimly,496243,8.0
tmdb92312096,496243,10.0
RustyBoi,496243,10.0
r96sk,496243,9.0
Repo Jack,496243,10.0
fourfridays,496243,8.0
John Chard,12445,8.0
John Chard,12445,8.0
CinemaSerf,12445,8.0
devurdugame,1239251,1.0
SWITCH.,420818,2.0
Manuel S√£o Bento,420818,9.0
Gimly,420818,3.0
sykobanana,420818,4.0
Martha,420818,6.0
CinemaSerf,968051,6.0
JPV852,968051,5.0
Manuel S√£o Bento,968051,6.0
MovieGuys,614933,4.0
Dean,614933,8.0
r96sk,614933,8.0
r96sk,614933,8.0
Reno,12153,6.0
metalstorm.ee,12153,10.0
tmdb51616167,12153,6.0
JJ Gonzalez,1020896,6.0
MovieGuys,1020896,4.0
Horseface,1020896,1.0
Manuel S√£o Bento,566525,8.0
RADIO1'S MR. MOVIE!-MAD AMI üå†,566525,9.0
T D Heath,566525,7.0
Per Gunnar Jonsson,566525,9.0
Sheldon Nylander,566525,7.0
The Movie Mob,447365,9.0
Ritesh Mohapatra,447365,9.0
CinemaSerf,447365,6.0
Manuel S√£o Bento,447365,8.0
Per Gunnar Jonsson,447365,7.0
r96sk,447365,9.0
tmdb51616167,447365,9.0
The Movie Mob,575264,7.0
Manuel S√£o Bento,575264,8.0
Brent Marchant,575264,7.0
CinemaSerf,575264,7.0
MovieGuys,575264,6.0
Louisa Moore - Screen Zealots,575264,9.0
Hinaboi,575264,8.0
JPV852,575264,8.0
snunes97,575264,6.0
whitsbrain,575264,8.0
Per Gunnar Jonsson,575264,7.0
Filipe Manuel Neto,1018,10.0
CinemaSerf,1018,5.0
John Chard,767,6.0
John Chard,767,6.0
Gimly,767,6.0
Nathan,767,8.0
CinemaSerf,767,7.0
r96sk,829560,2.0
tmdb51616167,829560,1.0
Chandler Danier,1019420,7.0
CinemaSerf,1072790,7.0
r96sk,1072790,7.0
Manuel S√£o Bento,508883,6.0
CinemaSerf,508883,7.0
Chandler Danier,508883,8.0
Manuel S√£o Bento,746036,8.0
r96sk,746036,8.0
CinemaSerf,746036,7.0
MovieGuys,746036,4.0
TheSceneSnobs,746036,8.0
Chandler Danier,746036,4.0
HappyPagan,746036,7.0
CinemaSerf,1111873,7.0
MovieGuys,1111873,6.0
r96sk,1111873,10.0
TheSceneSnobs,1111873,6.0
JPV852,1111873,7.0
Louisa Moore - Screen Zealots,1111873,7.0
tmdb51616167,1111873,7.0
Dean,1111873,9.0
Patrick E. Abe,348,8.0
John Chard,348,10.0
Repo Jack,348,10.0
r96sk,348,8.0
GenerationofSwine,348,10.0
Filipe Manuel Neto,348,9.0
CinemaSerf,348,7.0
James,348,7.0
Christian Butoi,348,10.0
HappyPagan,348,10.0
r96sk,361743,9.0
Manuel S√£o Bento,361743,9.0
tmdb20895531,361743,5.0
CinemaSerf,361743,7.0
Chris Sawin,361743,6.0
JustEntertainment,361743,10.0
T,361743,10.0
MovieGuys,361743,10.0
The Movie Mob,361743,10.0
KVNNBH,361743,10.0
Kay Cee,361743,8.0
JPV852,361743,8.0
Nathan,361743,9.0
GenerationofSwine,361743,10.0
Chris Sawin,585083,3.0
r96sk,585083,6.0
Leno,619264,3.0
Shumafuk,619264,8.0
Manuel S√£o Bento,619264,7.0
Kamurai,619264,9.0
AstroNoud,619264,7.0
The Movie Mob,619264,5.0
Gimly,948,6.0
Wuchak,948,6.0
GenerationofSwine,948,10.0
CinemaSerf,948,7.0
Filipe Manuel Neto,948,5.0
Andres Gomez,1865,3.0
waqas akram,1865,10.0
John Chard,1865,7.0
Andre Gonzales,1865,6.0
CinemaSerf,1865,6.0
Chris Sawin,453395,7.0
Manuel S√£o Bento,453395,7.0
CinemaSerf,453395,7.0
Peter McGinn,453395,5.0
Nathan,453395,8.0
itsogs,453395,1.0
The Movie Mob,453395,7.0
Per Gunnar Jonsson,453395,9.0
GenerationofSwine,453395,1.0
Andre Gonzales,453395,6.0
Filipe Manuel Neto,453395,7.0
tmdb51616167,453395,5.0
Manuel S√£o Bento,1094138,6.0
Yvonnelim99,1094138,7.0
Chandler Danier,1094138,7.0
Chris Sawin,1024721,7.0
CinemaSerf,866398,6.0
Chandler Danier,866398,6.0
MovieGuys,866398,3.0
r96sk,866398,8.0
ùïΩùñéùñàùñç,866398,9.0
Per Gunnar Jonsson,866398,10.0
Manuel S√£o Bento,969492,6.0
Chandler Danier,969492,6.0
MovieGuys,969492,5.0
hamfaceman,969492,5.0
Roberta1970,969492,7.0
r96sk,1027073,9.0
CinemaSerf,615656,5.0
MovieGuys,615656,5.0
JPV852,615656,4.0
Manuel S√£o Bento,423108,6.0
JPV852,423108,7.0
Rene,423108,6.0
Giovanni,423108,7.0
llgolden,13,10.0
bluedevil667,13,10.0
CinemaSerf,13,7.0
Kamurai,184345,7.0
Dan_Tebasco,72190,4.0
Per Gunnar Jonsson,72190,7.0
The Movie Mob,72190,9.0
The Movie Mob,72190,9.0
CinemaSerf,634492,5.0
r96sk,634492,8.0
Chandler Danier,634492,3.0
JPV852,634492,4.0
misubisu,634492,1.0
BL1!,634492,10.0
TheSceneSnobs,634492,1.0
Manuel S√£o Bento,437342,6.0
CinemaSerf,437342,6.0
MovieGuys,437342,6.0
whitsbrain,437342,6.0
Dean,437342,6.0
Dean,437342,6.0
TheSceneSnobs,437342,2.0
Petercushing,437342,1.0
GenerationofSwine,437342,1.0
John Chard,675,8.0
Nathan,675,8.0
CinemaSerf,675,7.0
Andres Gomez,109445,8.0
Manuel S√£o Bento,109445,7.0
JPV852,109445,6.0
r96sk,109445,9.0
CinemaSerf,109445,6.0
Andre Gonzales,109445,5.0
Manuel S√£o Bento,616037,7.0
Nathan,616037,7.0
Steve Parker,616037,5.0
CinemaSerf,616037,6.0
Chris Sawin,616037,6.0
The Movie Mob,616037,7.0
r96sk,616037,7.0
UtileDulci,616037,2.0
harshkolhe_barca,616037,8.0
harshkolhe_barca,616037,8.0
Per Gunnar Jonsson,616037,3.0
CinemaSerf,12444,8.0
CinemaSerf,299054,6.0
MovieGuys,299054,4.0
kipo,299054,4.0
r96sk,299054,6.0
bradley,507089,9.0
MustachedMovieMan,507089,7.0
CinemaSerf,507089,5.0
biancarockr,507089,4.0
LegendGamerXZ,507089,10.0
LegendGamerXZ,507089,10.0
tmdb47940942,507089,7.0
ViolettSmith,507089,7.0
r96sk,507089,7.0
Andre Gonzales,285,8.0
CinemaSerf,285,6.0
Gimly,862,8.0
JPV852,862,9.0
r96sk,862,10.0
CinemaSerf,862,7.0
Jacob,106646,10.0
Andres Gomez,106646,6.0
r96sk,106646,9.0
sporkproductions,106646,8.0
Nathan,106646,9.0
GeekMasher,8681,9.5
Per Gunnar Jonsson,8681,8.0
Gimly,8681,6.0
JPV852,8681,8.0
John Chard,8681,7.0
The Movie Mob,8681,10.0
Sejian,970347,4.0
MovieGuys,970347,5.0
Manuel S√£o Bento,1014661,5.0
CinemaSerf,926393,6.0
MovieGuys,926393,4.0
JPV852,926393,7.0
Dean,926393,10.0
Chandler Danier,926393,8.0
ARGMAN,926393,4.0
Per Gunnar Jonsson,926393,8.0
r96sk,926393,8.0
Gimly,370663,3.0
sonofbalkans,370663,3.0
CinemaSerf,447277,6.0
Manuel S√£o Bento,447277,8.0
Louisa Moore - Screen Zealots,447277,6.0
r96sk,447277,7.0
tmdb15214618,335984,8.0
Mex5150,335984,4.0
Gimly,335984,8.0
Per Gunnar Jonsson,335984,6.0
Dean,335984,4.0
renzo-benzo,335984,3.0
The Movie Mob,335984,7.0
CinemaSerf,335984,7.0
madmonk,335984,7.0
GenerationofSwine,335984,1.0
CinemaSerf,1010600,6.0
r96sk,1010600,5.0
TheSceneSnobs,1010600,1.0
BiGuy,12155,7.0
Andre Gonzales,12155,6.0
John Chard,19995,5.0
Manuel S√£o Bento,19995,8.0
tomasfv,19995,10.0
CinemaSerf,19995,7.0
ZeBlah,129,10.0
Andres Gomez,269149,9.0
Reno,269149,8.0
whatowatch,269149,10.0
Gimly,269149,7.0
Per Gunnar Jonsson,269149,9.0
mattwilde123,269149,8.0
ahmedaiman99,269149,10.0
r96sk,269149,8.0
CinemaSerf,269149,7.0
tmdb44006625,27205,8.0
Matthew Brady,27205,9.0
Andre Gonzales,27205,7.0
The Movie Mob,505642,7.0
Manuel S√£o Bento,505642,7.0
CinemaSerf,505642,6.0
Nathan,505642,7.0
r96sk,505642,8.0
themoviedb@kienner.fr,505642,1.0
GenerationofSwine,505642,1.0
Per Gunnar Jonsson,505642,7.0
Andre Gonzales,505642,5.0
Andre Gonzales,505642,5.0
Amos Burton,505642,1.0
Grant English,91314,3.0
CinemaSerf,91314,5.0
Reno,257088,6.0
talisencrw,257088,6.0
tmdb44006625,559,3.0
CinemaSerf,1214509,5.0
Louisa Moore - Screen Zealots,1214509,7.0
tmdb23365124,1930,5.5
Per Gunnar Jonsson,1930,6.0
John Chard,1930,7.0
CinemaSerf,1930,7.0
Wuchak,680,9.0
Erick Cabral,680,10.0
CinemaSerf,680,7.0
alksjalksj,680,10.0
Filipe Manuel Neto,680,6.0
Reno,260346,7.0
Per Gunnar Jonsson,260346,6.0
Gimly,260346,3.0
starks94,324786,7.0
dragon_boi,324786,10.0
Reno,324786,8.0
John Chard,324786,8.0
Wuchak,324786,6.0
Filipe Manuel Neto,324786,8.0
GenerationofSwine,324786,10.0
CinemaSerf,869291,6.0
‚Ä†,869291,10.0
Manuel S√£o Bento,1059064,3.0
Andres Gomez,76341,7.0
Cineport,76341,9.0
simonTheDiver,76341,10.0
Per Gunnar Jonsson,76341,7.0
Gimly,76341,9.0
OzDrDj,76341,2.0
Matthew Brady,76341,10.0
John Chard,76341,9.0
The Movie Mob,76341,10.0
r96sk,76341,8.0
r96sk,12,9.0
John,12,10.0
CinemaSerf,12,7.0
John,809,8.0
r96sk,9806,7.0
GenerationofSwine,9806,10.0
CinemaSerf,9806,7.0
CinemaSerf,1182047,6.0
Manuel S√£o Bento,1182047,7.0
Manuel S√£o Bento,572802,6.0
CinemaSerf,572802,6.0
justhappytobehere,572802,4.0
hamfaceman,572802,3.0
ARGMAN,572802,5.0
JPV852,572802,7.0
Per Gunnar Jonsson,572802,5.0
r96sk,572802,6.0
Kamurai,660982,7.0
r96sk,660982,3.0
Gimly,315635,7.0
AJGibbs,315635,4.0
Per Gunnar Jonsson,315635,4.0
Reno,315635,7.0
A Fan of Many Things,315635,10.0
skembry,315635,10.0
Andrew Gentry,315635,9.0
tmdb44006625,315635,5.0
Myles,315635,8.0
r96sk,315635,8.0
CinemaSerf,315635,7.0
GenerationofSwine,315635,10.0
The Movie Mob,298618,7.0
Chris Sawin,298618,3.0
Manuel S√£o Bento,298618,7.0
CinemaSerf,298618,7.0
Differ,298618,4.0
MovieGuys,298618,5.0
sizarled,298618,10.0
Louisa Moore - Screen Zealots,298618,7.0
JPV852,298618,7.0
r96sk,298618,9.0
mattwilde123,228150,7.0
Per Gunnar Jonsson,228150,4.0
Wuchak,228150,8.0
drystyx,228150,9.0
DCthaGod,228150,8.0
izgzhen,1124,9.0
AstroNoud,1124,10.0
James,1124,8.0
r96sk,1124,9.0
CinemaSerf,1124,7.0
CinemaSerf,804616,5.0
Andre Gonzales,109418,7.0
mspanther,156022,8.0
Per Gunnar Jonsson,156022,8.0
Gimly,156022,7.0
r96sk,156022,8.0
CinemaSerf,967847,6.0
Manuel S√£o Bento,967847,6.0
MovieGuys,967847,6.0
TheSceneSnobs,967847,6.0
CinemaSerf,10166,6.0
Sword0fTheSpirit,10196,10.0
John Chard,10283,5.0
Gimly,10283,4.0
Wuchak,10283,6.0
Reno,296096,7.0
MovieGuys,955555,8.0
Devin G. Squire,447332,8.0
Leno,447332,8.0
Gimly,447332,6.0
LadyGreenEyes,447332,10.0
Trazbor O'Gukguk,447332,1.0
Wuchak,447332,5.0
Manuel S√£o Bento,447332,8.0
5rJoud,447332,4.0
The Movie Mob,447332,9.0
r96sk,447332,7.0
tmdb51616167,447332,8.0
Manuel S√£o Bento,588228,7.0
Kamurai,588228,8.0
The Movie Mob,588228,8.0
Reno,396535,8.0
Gimly,396535,7.0
Kamurai,396535,9.0
Manuel S√£o Bento,396535,10.0
Nathan,10331,5.0
Filipe Manuel Neto,10331,5.0
CinemaSerf,10331,6.0
Andres Gomez,38757,8.0
ohlalipop,38757,8.0
John,38757,10.0
tmdb44006625,557,9.0
Gimly,324857,7.0
TomTag,324857,7.0
Andre Gonzales,23398,6.0
badelf,851644,7.0
GenerationofSwine,337167,1.0
CinemaSerf,856289,7.0
CinemaSerf,11036,7.0
r96sk,11036,8.0
Brett Pascoe,550,9.0
Manuel S√£o Bento,550,8.0
r96sk,550,7.0
rsanek,550,9.0
Wuchak,550,6.0
katch22,550,8.0
alksjalksj,550,10.0
chosengreatone,550,10.0
CinemaSerf,550,7.0
Hotsake,99861,6.5
Andres Gomez,99861,7.0
Per Gunnar Jonsson,99861,7.0
Gimly,99861,7.0
tmdb44006625,99861,5.0
whataberger,1291594,10.0
coxie36@yahoo.com,1291594,10.0
Brent Marchant,1051891,9.0
CinemaSerf,1051891,7.0
The Movie Mob,20352,9.0
scherbakovx,980489,8.0
Manuel S√£o Bento,980489,8.0
CinemaSerf,980489,7.0
v0lk4n,980489,4.0
Manuel S√£o Bento,766507,8.0
MovieGuys,766507,4.0
Per Gunnar Jonsson,766507,5.0
CinemaSerf,766507,6.0
The Movie Mob,766507,8.0
d54.pod,766507,8.0
Peter McGinn,766507,7.0
Horgh,766507,1.0
GenerationofSwine,766507,1.0
CinemaSerf,10020,8.0
Andre Gonzales,10020,8.0
MovieGuys,984324,5.0
Andres Gomez,50619,7.0
MovieGuys,748167,4.0
GeekMasher,603,9.5
NeoBrowser,603,10.0
StbMDB,603,10.0
GenerationofSwine,603,10.0
The Movie Mob,603,10.0
The Movie Mob,603,10.0
CinemaSerf,603,7.0
John Chard,4233,8.0
CinemaSerf,4233,5.0
Nathan,4233,6.0
Manuel S√£o Bento,930600,3.0
CinemaSerf,425,7.0
Andre Gonzales,425,8.0
Nathan,41446,7.0
Mayurpanchamia,424,8.0
CinemaSerf,424,7.0
terrapong,990140,5.0
MovieGuys,990140,5.0
Chris Sawin,990140,6.0
r96sk,10315,9.0
badelf,10315,9.0
CinemaSerf,10315,7.0
James,10315,7.0
CinemaSerf,10216,4.0
Reno,214756,6.0
The Movie Diorama,214756,4.0
Manuel S√£o Bento,791373,7.0
JPV852,791373,7.0
sykobanana,791373,9.0
Peter89Spencer,791373,10.0
Yassin_Raouf,791373,10.0
iselates,791373,4.0
StoneCrow1977,791373,6.0
Rene,791373,10.0
Nathan,791373,9.0
Martha,791373,8.0
The Movie Mob,791373,9.0
tmdb28039023,791373,1.0
GenerationofSwine,791373,10.0
Rob,791373,5.0
Manuel S√£o Bento,508947,8.0
r96sk,508947,8.0
Daks88,508947,5.0
Giovanni,508947,9.0
Tatsky,508947,8.0
CinemaSerf,508947,6.0
akshatjain7573,508947,8.0
RoseSkull94,508947,7.0
Filipe Manuel Neto,508947,6.0
CinemaSerf,438148,6.0
All Things Movies and TV,438148,8.0
lopezaxel,438148,9.0
The Movie Mob,438148,7.0
r96sk,438148,8.0
CinemaSerf,642885,6.0
GenerationofSwine,642885,1.0
thorian93,763215,6.5
Sejian,763215,6.0
Manuel S√£o Bento,763215,6.0
EarthAndGravity,763215,8.0
nicoleamaree,763215,4.0
r96sk,763215,5.0
tippfehlr,763215,4.0
MovieGuys,763215,2.0
Per Gunnar Jonsson,763215,8.0
antimony,439079,4.0
Mark Rushow,439079,8.0
Purplehearts,439079,6.0
Dean,439079,4.0
John Chard,439079,6.0
Gimly,439079,4.0
GenerationofSwine,439079,1.0
r96sk,14160,8.0
Peter89Spencer,14160,9.0
CinemaSerf,14160,7.0
tmdb51616167,14160,7.0
griggs79,14160,8.0
Peter89Spencer,772,9.0
Andre Gonzales,772,10.0
CinemaSerf,772,7.0
CinemaSerf,1075794,7.0
r96sk,1075794,8.0
dumasori,1075794,6.0
CinemaSerf,1034541,7.0
CinemaSerf,912649,6.0
CinemaSerf,1184918,7.0
CinemaSerf,1043658,8.0
CinemaSerf,1154570,9.0
r96sk,1034541,7.0
r96sk,912649,7.0
r96sk,1184918,6.0
r96sk,1043658,7.0
r96sk,1154570,8.0
Brent Marchant,1034541,8.0
Brent Marchant,912649,7.0
Brent Marchant,1184918,7.0
Brent Marchant,1043658,8.0
Brent Marchant,1154570,7.0
Manuel S√£o Bento,1034541,9.0
Manuel S√£o Bento,912649,8.0
Manuel S√£o Bento,1184918,9.0
Manuel S√£o Bento,1043658,7.0
Manuel S√£o Bento,1154570,8.0
Chris Sawin,1034541,8.0
Chris Sawin,912649,
Chris Sawin,1184918,8.0
Chris Sawin,1043658,9.0
Chris Sawin,1154570,7.0
